Dataset / Model,Accuracy,Precision,Recall,F1 score,False-positive rate,Inference Latency (ms),Test samples
UNSW-NB15 Decision Tree,0.876716,0.877910,0.872708,0.874661,0.166802,0.849,"8,233"
UNSW-NB15 Random Forest,0.927608,0.939127,0.920284,0.925568,0.151933,51.562,"8,233"
UNSW-NB15 SVM,0.881574,0.902368,0.870224,0.876631,0.241687,1.174,"8,233"
UNSW-NB15 CNN-only,0.944249,0.948920,0.939997,0.943178,0.101919,147.644,"8,233"
UNSW-NB15 LSTM-only,0.959796,0.962319,0.957051,0.959167,0.070019,140.798,"8,233"
UNSW-NB15 Hybrid CNN–LSTM,0.943034,0.947410,0.938895,0.941960,0.101919,162.862,"8,233"
UNSW-NB15 Compressed TensorFlow Lite Hybrid,0.942548,0.946859,0.938429,0.941469,0.102190,0.093,"8,233"
CICIDS2017 Decision Tree,0.646453,0.647193,0.648669,0.647930,0.355777,0.385,"2,622"
CICIDS2017 Random Forest,0.797483,0.794737,0.803802,0.799244,0.208875,46.820,"2,622"
CICIDS2017 SVM,0.812357,0.818745,0.803802,0.811205,0.179036,1.450,"2,622"
CICIDS2017 CNN-only,0.874142,0.874525,0.874525,0.874141,0.126243,0.680,"2,622"
CICIDS2017 LSTM-only,0.899314,0.897805,0.901901,0.899311,0.103290,1.050,"2,622"
CICIDS2017 Hybrid CNN–LSTM,0.868040,0.854426,0.888213,0.867971,0.152257,1.185,"2,622"
CICIDS2017 Compressed TensorFlow Lite Hybrid,0.868040,0.854426,0.888213,0.867971,0.152257,0.024,"2,622"
